{"cameraMode":{"drawMode":0,"name":"Shaded","section":"Shading Mode"},"sceneLighting":true,"audioPlay":false,"sceneViewState":{"showFog":true,"showMaterialUpdate":false,"showSkybox":true,"showFlares":true,"showImageEffects":true,"showParticleSystems":true,"showVisualEffectGraphs":true,"m_FxEnabled":true},"in2DMode":false,"pivot":{"x":531.8681030273438,"y":243.87982177734376,"z":792.7576293945313},"rotation":{"x":0.028805715963244439,"y":0.001810003537684679,"z":-0.00005207329377299175,"w":0.999582052230835},"size":681.8618774414063,"orthographic":false}