{"cameraMode":{"drawMode":0,"name":"Shaded","section":"Shading Mode"},"sceneLighting":true,"audioPlay":false,"sceneViewState":{"showFog":true,"showMaterialUpdate":false,"showSkybox":true,"showFlares":true,"showImageEffects":true,"showParticleSystems":true,"showVisualEffectGraphs":true,"m_FxEnabled":true},"in2DMode":false,"pivot":{"x":476.70135498046877,"y":224.6383056640625,"z":107.06097412109375},"rotation":{"x":-0.03390473499894142,"y":0.0017973495414480568,"z":-0.000016462965504615568,"w":-0.9994528889656067},"size":339.43255615234377,"orthographic":false}