{"cameraMode":{"drawMode":0,"name":"Shaded","section":"Shading Mode"},"sceneLighting":true,"audioPlay":false,"sceneViewState":{"showFog":true,"showMaterialUpdate":false,"showSkybox":true,"showFlares":true,"showImageEffects":true,"showParticleSystems":true,"showVisualEffectGraphs":true,"m_FxEnabled":true},"in2DMode":false,"pivot":{"x":5.647501468658447,"y":1.512580156326294,"z":14.235213279724121},"rotation":{"x":-0.13112092018127442,"y":-0.10921598970890045,"z":0.014535201713442803,"w":-0.9852253198623657},"size":3.9306750297546388,"orthographic":false}