{"cameraMode":{"drawMode":0,"name":"Shaded","section":"Shading Mode"},"sceneLighting":true,"audioPlay":false,"sceneViewState":{"showFog":true,"showMaterialUpdate":false,"showSkybox":true,"showFlares":true,"showImageEffects":true,"showParticleSystems":true,"showVisualEffectGraphs":true,"m_FxEnabled":true},"in2DMode":false,"pivot":{"x":0.38832134008407595,"y":5.09639310836792,"z":-1.4684892892837525},"rotation":{"x":-0.3277151584625244,"y":-0.013882992789149285,"z":0.0048425388522446159,"w":-0.9446973204612732},"size":10.372093200683594,"orthographic":false}