{"cameraMode":{"drawMode":0,"name":"Shaded","section":"Shading Mode"},"sceneLighting":false,"audioPlay":false,"sceneViewState":{"showFog":true,"showMaterialUpdate":false,"showSkybox":false,"showFlares":true,"showImageEffects":true,"showParticleSystems":true,"showVisualEffectGraphs":true,"m_FxEnabled":true},"in2DMode":false,"pivot":{"x":472.2749938964844,"y":235.85366821289063,"z":-1.00982666015625},"rotation":{"x":-0.03390473499894142,"y":0.0017973495414480568,"z":-0.000016462965504615568,"w":-0.9994528889656067},"size":334.2218933105469,"orthographic":false}